solution = [0.0 0.0 0.0 0.0 0.0 0.0 0.0 0.0 0.0 0.0; 0.0 0.0 0.0 0.0 0.0 0.0 0.0 0.0 0.0 0.0; 0.0 0.0 0.0 0.0 0.0 0.0 0.0 0.0 0.0 0.0; 0.0 0.0 0.0 0.0 0.0 0.0 0.0 0.0 0.0 0.0; 0.0 0.0 0.0 0.0 0.0 0.0 0.0 0.0 0.0 0.0; 0.0 0.0 0.0 0.0 0.0 0.0 0.0 0.0 0.0 0.0; 0.0 0.0 0.0 0.0 0.0 0.0 0.0 0.0 0.0 0.0; 0.0 0.0 0.0 0.0 0.0 0.0 0.0 0.0 0.0 0.0; 0.0 0.0 0.0 0.0 0.0 0.0 0.0 0.0 0.0 0.0; 0.0 0.0 0.0 0.0 0.0 0.0 0.0 0.0 0.0 0.0; 0.0 0.0 0.0 0.0 0.0 0.0 0.0 0.0 0.0 0.0; 0.0 0.0 0.0 0.0 0.0 0.0 0.0 0.0 0.0 0.0; 0.0 0.0 0.0 0.0 0.0 0.0 0.0 0.0 0.0 0.0; 0.0 0.0 0.0 0.0 0.0 0.0 0.0 0.0 0.0 0.0; 0.0 0.0 0.0 0.0 0.0 0.0 0.0 0.0 0.0 0.0; 0.0 0.0 0.0 0.0 0.0 0.0 0.0 0.0 0.0 0.0; 0.0 0.0 0.0 0.0 0.0 0.0 0.0 0.0 0.0 0.0; 0.0 0.0 0.0 0.0 0.0 0.0 0.0 0.0 0.0 0.0; 0.0 0.0 0.0 0.0 0.0 0.0 0.0 0.0 0.0 0.0; 0.0 0.0 0.0 0.0 0.0 0.0 0.0 0.0 0.0 0.0; 0.0 0.0 0.0 0.0 0.0 0.0 0.0 0.0 0.0 0.0; 0.0 0.0 0.0 0.0 0.0 0.0 0.0 0.0 0.0 0.0; 0.0 0.0 0.0 0.0 0.0 0.0 0.0 0.0 0.0 0.0; 0.0 0.0 0.0 0.0 0.0 0.0 0.0 0.0 0.0 0.0; 0.0 0.0 0.0 0.0 0.0 0.0 0.0 0.0 0.0 0.0; 0.0 0.0 0.0 0.0 0.0 0.0 0.0 0.0 0.0 0.0; 0.0 0.0 0.0 0.0 0.0 0.0 0.0 0.0 0.0 0.0; 0.0 0.0 0.0 0.0 0.0 0.0 0.0 0.0 0.0 0.0; 0.0 0.0 0.0 0.0 0.0 0.0 0.0 0.0 0.0 0.0; 0.0 0.0 0.0 0.0 0.0 0.0 0.0 0.0 0.0 0.0; 0.0 0.0 0.0 0.0 0.0 0.0 0.0 0.0 0.0 0.0; 0.0 0.0 0.0 0.0 0.0 0.0 0.0 0.0 0.0 0.0; 0.0 0.0 0.0 0.0 0.0 0.0 0.0 0.0 0.0 0.0; 0.0 0.0 0.0 0.0 0.0 0.0 0.0 0.0 0.0 0.0; 0.0 0.0 0.0 0.0 0.0 0.0 0.0 0.0 0.0 0.0; 0.0 0.0 0.0 0.0 0.0 0.0 0.0 0.0 0.0 0.0; 0.0 0.0 0.0 0.0 0.0 0.0 0.0 0.0 0.0 0.0; 0.0 0.0 0.0 0.0 0.0 0.0 0.0 0.0 0.0 0.0; 0.0 0.0 0.0 0.0 0.0 0.0 0.0 0.0 0.0 0.0; 0.0 0.0 0.0 0.0 0.0 0.0 0.0 0.0 0.0 0.0]

[0.0 0.0 1.0 0.0 1.0 0.0 1.0 0.0 1.0 0.0; 0.0 0.0 1.0 0.0 1.0 0.0 1.0 0.0 1.0 0.0; 0.0 0.0 1.0 0.0 1.0 0.0 1.0 0.0 1.0 0.0; 0.0 0.0 1.0 0.0 1.0 0.0 1.0 0.0 1.0 0.0; 0.0 0.0 1.0 0.0 1.0 0.0 1.0 0.0 1.0 0.0; 0.0 0.0 1.0 0.0 1.0 0.0 1.0 0.0 1.0 0.0; 0.0 0.0 1.0 0.0 1.0 0.0 1.0 0.0 1.0 0.0; 0.0 0.0 1.0 0.0 1.0 0.0 1.0 0.0 1.0 0.0; 0.0 0.0 1.0 0.0 1.0 0.0 1.0 0.0 1.0 0.0; 0.0 0.0 1.0 0.0 1.0 0.0 1.0 0.0 1.0 0.0; 0.0 0.0 1.0 0.0 1.0 0.0 1.0 0.0 1.0 0.0; 0.0 0.0 1.0 0.0 1.0 0.0 1.0 0.0 1.0 0.0; 0.0 0.0 1.0 0.0 1.0 0.0 1.0 0.0 1.0 0.0; 0.0 0.0 1.0 0.0 1.0 0.0 1.0 0.0 1.0 0.0; 0.0 0.0 1.0 0.0 1.0 0.0 1.0 0.0 1.0 0.0; 0.0 0.0 1.0 0.0 1.0 0.0 1.0 0.0 1.0 0.0; 0.0 0.0 1.0 0.0 1.0 0.0 1.0 0.0 1.0 0.0; 0.0 0.0 1.0 0.0 1.0 0.0 1.0 0.0 1.0 0.0; 0.0 0.0 1.0 0.0 1.0 0.0 1.0 0.0 1.0 0.0; 0.0 0.0 1.0 0.0 1.0 0.0 1.0 0.0 1.0 0.0; 0.0 0.0 1.0 0.0 1.0 0.0 1.0 0.0 1.0 0.0; 0.0 0.0 1.0 0.0 1.0 0.0 1.0 0.0 1.0 0.0; 0.0 0.0 1.0 0.0 1.0 0.0 1.0 0.0 1.0 0.0; 0.0 0.0 1.0 0.0 1.0 0.0 1.0 0.0 1.0 0.0; 0.0 0.0 1.0 0.0 1.0 0.0 1.0 0.0 1.0 0.0; 0.0 0.0 1.0 0.0 1.0 0.0 1.0 0.0 1.0 0.0; 0.0 0.0 1.0 0.0 1.0 0.0 1.0 0.0 1.0 0.0; 0.0 0.0 1.0 0.0 1.0 0.0 1.0 0.0 1.0 0.0; 0.0 0.0 1.0 0.0 1.0 0.0 1.0 0.0 1.0 0.0; 0.0 0.0 1.0 0.0 1.0 0.0 1.0 0.0 1.0 0.0; 0.0 0.0 1.0 0.0 1.0 0.0 1.0 0.0 1.0 0.0; 0.0 0.0 1.0 0.0 1.0 0.0 1.0 0.0 1.0 0.0; 0.0 0.0 1.0 0.0 1.0 0.0 1.0 0.0 1.0 0.0; 0.0 0.0 1.0 0.0 1.0 0.0 1.0 0.0 1.0 0.0; 0.0 0.0 1.0 0.0 1.0 0.0 1.0 0.0 1.0 0.0; 0.0 0.0 1.0 0.0 1.0 0.0 1.0 0.0 1.0 0.0; 0.0 0.0 1.0 0.0 1.0 0.0 1.0 0.0 1.0 0.0; 0.0 0.0 1.0 0.0 1.0 0.0 1.0 0.0 1.0 0.0; 0.0 0.0 1.0 0.0 1.0 0.0 1.0 0.0 1.0 0.0; 0.0 0.0 1.0 0.0 1.0 0.0 1.0 0.0 1.0 0.0]

[0.0 1.0 0.0 1.0 0.0 1.0 0.0 1.0 0.0 1.0; 0.0 1.0 0.0 1.0 0.0 1.0 0.0 1.0 0.0 1.0; 0.0 1.0 0.0 1.0 0.0 1.0 0.0 1.0 0.0 1.0; 0.0 1.0 0.0 1.0 0.0 1.0 0.0 1.0 0.0 1.0; 0.0 1.0 0.0 1.0 0.0 1.0 0.0 1.0 0.0 1.0; 0.0 1.0 0.0 1.0 0.0 1.0 0.0 1.0 0.0 1.0; 0.0 1.0 0.0 1.0 0.0 1.0 0.0 1.0 0.0 1.0; 0.0 1.0 0.0 1.0 0.0 1.0 0.0 1.0 0.0 1.0; 0.0 1.0 0.0 1.0 0.0 1.0 0.0 1.0 0.0 1.0; 0.0 1.0 0.0 1.0 0.0 1.0 0.0 1.0 0.0 1.0; 0.0 1.0 0.0 1.0 0.0 1.0 0.0 1.0 0.0 1.0; 0.0 1.0 0.0 1.0 0.0 1.0 0.0 1.0 0.0 1.0; 0.0 1.0 0.0 1.0 0.0 1.0 0.0 1.0 0.0 1.0; 0.0 1.0 0.0 1.0 0.0 1.0 0.0 1.0 0.0 1.0; 0.0 1.0 0.0 1.0 0.0 1.0 0.0 1.0 0.0 1.0; 0.0 1.0 0.0 1.0 0.0 1.0 0.0 1.0 0.0 1.0; 0.0 1.0 0.0 1.0 0.0 1.0 0.0 1.0 0.0 1.0; 0.0 1.0 0.0 1.0 0.0 1.0 0.0 1.0 0.0 1.0; 0.0 1.0 0.0 1.0 0.0 1.0 0.0 1.0 0.0 1.0; 0.0 1.0 0.0 1.0 0.0 1.0 0.0 1.0 0.0 1.0; 0.0 1.0 0.0 1.0 0.0 1.0 0.0 1.0 0.0 1.0; 0.0 1.0 0.0 1.0 0.0 1.0 0.0 1.0 0.0 1.0; 0.0 1.0 0.0 1.0 0.0 1.0 0.0 1.0 0.0 1.0; 0.0 1.0 0.0 1.0 0.0 1.0 0.0 1.0 0.0 1.0; 0.0 1.0 0.0 1.0 0.0 1.0 0.0 1.0 0.0 1.0; 0.0 1.0 0.0 1.0 0.0 1.0 0.0 1.0 0.0 1.0; 0.0 1.0 0.0 1.0 0.0 1.0 0.0 1.0 0.0 1.0; 0.0 1.0 0.0 1.0 0.0 1.0 0.0 1.0 0.0 1.0; 0.0 1.0 0.0 1.0 0.0 1.0 0.0 1.0 0.0 1.0; 0.0 1.0 0.0 1.0 0.0 1.0 0.0 1.0 0.0 1.0; 0.0 1.0 0.0 1.0 0.0 1.0 0.0 1.0 0.0 1.0; 0.0 1.0 0.0 1.0 0.0 1.0 0.0 1.0 0.0 1.0; 0.0 1.0 0.0 1.0 0.0 1.0 0.0 1.0 0.0 1.0; 0.0 1.0 0.0 1.0 0.0 1.0 0.0 1.0 0.0 1.0; 0.0 1.0 0.0 1.0 0.0 1.0 0.0 1.0 0.0 1.0; 0.0 1.0 0.0 1.0 0.0 1.0 0.0 1.0 0.0 1.0; 0.0 1.0 0.0 1.0 0.0 1.0 0.0 1.0 0.0 1.0; 0.0 1.0 0.0 1.0 0.0 1.0 0.0 1.0 0.0 1.0; 0.0 1.0 0.0 1.0 0.0 1.0 0.0 1.0 0.0 1.0; 0.0 1.0 0.0 1.0 0.0 1.0 0.0 1.0 0.0 1.0]

[0.0 1.0 1.0 1.0 1.0 1.0 1.0 1.0 1.0 0.0; 0.0 1.0 1.0 1.0 1.0 1.0 1.0 1.0 1.0 0.0; 0.0 1.0 1.0 1.0 1.0 1.0 1.0 1.0 1.0 0.0; 0.0 1.0 1.0 1.0 1.0 1.0 1.0 1.0 1.0 0.0; 0.0 1.0 1.0 1.0 1.0 1.0 1.0 1.0 1.0 0.0; 0.0 1.0 1.0 1.0 1.0 1.0 1.0 1.0 1.0 0.0; 0.0 1.0 1.0 1.0 1.0 1.0 1.0 1.0 1.0 0.0; 0.0 1.0 1.0 1.0 1.0 1.0 1.0 1.0 1.0 0.0; 0.0 1.0 1.0 1.0 1.0 1.0 1.0 1.0 1.0 0.0; 0.0 1.0 1.0 1.0 1.0 1.0 1.0 1.0 1.0 0.0; 0.0 1.0 1.0 1.0 1.0 1.0 1.0 1.0 1.0 0.0; 0.0 1.0 1.0 1.0 1.0 1.0 1.0 1.0 1.0 0.0; 0.0 1.0 1.0 1.0 1.0 1.0 1.0 1.0 1.0 0.0; 0.0 1.0 1.0 1.0 1.0 1.0 1.0 1.0 1.0 0.0; 0.0 1.0 1.0 1.0 1.0 1.0 1.0 1.0 1.0 0.0; 0.0 1.0 1.0 1.0 1.0 1.0 1.0 1.0 1.0 0.0; 0.0 1.0 1.0 1.0 1.0 1.0 1.0 1.0 1.0 0.0; 0.0 1.0 1.0 1.0 1.0 1.0 1.0 1.0 1.0 0.0; 0.0 1.0 1.0 1.0 1.0 1.0 1.0 1.0 1.0 0.0; 0.0 1.0 1.0 1.0 1.0 1.0 1.0 1.0 1.0 0.0; 0.0 1.0 1.0 1.0 1.0 1.0 1.0 1.0 1.0 0.0; 0.0 1.0 1.0 1.0 1.0 1.0 1.0 1.0 1.0 0.0; 0.0 1.0 1.0 1.0 1.0 1.0 1.0 1.0 1.0 0.0; 0.0 1.0 1.0 1.0 1.0 1.0 1.0 1.0 1.0 0.0; 0.0 1.0 1.0 1.0 1.0 1.0 1.0 1.0 1.0 0.0; 0.0 1.0 1.0 1.0 1.0 1.0 1.0 1.0 1.0 0.0; 0.0 1.0 1.0 1.0 1.0 1.0 1.0 1.0 1.0 0.0; 0.0 1.0 1.0 1.0 1.0 1.0 1.0 1.0 1.0 0.0; 0.0 1.0 1.0 1.0 1.0 1.0 1.0 1.0 1.0 0.0; 0.0 1.0 1.0 1.0 1.0 1.0 1.0 1.0 1.0 0.0; 0.0 1.0 1.0 1.0 1.0 1.0 1.0 1.0 1.0 0.0; 0.0 1.0 1.0 1.0 1.0 1.0 1.0 1.0 1.0 0.0; 0.0 1.0 1.0 1.0 1.0 1.0 1.0 1.0 1.0 0.0; 0.0 1.0 1.0 1.0 1.0 1.0 1.0 1.0 1.0 0.0; 0.0 1.0 1.0 1.0 1.0 1.0 1.0 1.0 1.0 0.0; 0.0 1.0 1.0 1.0 1.0 1.0 1.0 1.0 1.0 0.0; 0.0 1.0 1.0 1.0 1.0 1.0 1.0 1.0 1.0 0.0; 0.0 1.0 1.0 1.0 1.0 1.0 1.0 1.0 1.0 0.0; 0.0 1.0 1.0 1.0 1.0 1.0 1.0 1.0 1.0 0.0; 0.0 1.0 1.0 1.0 1.0 1.0 1.0 1.0 1.0 0.0]

[1.0 0.0 1.0 0.0 1.0 0.0 1.0 0.0 1.0 0.0; 1.0 0.0 1.0 0.0 1.0 0.0 1.0 0.0 1.0 0.0; 1.0 0.0 1.0 0.0 1.0 0.0 1.0 0.0 1.0 0.0; 1.0 0.0 1.0 0.0 1.0 0.0 1.0 0.0 1.0 0.0; 1.0 0.0 1.0 0.0 1.0 0.0 1.0 0.0 1.0 0.0; 1.0 0.0 1.0 0.0 1.0 0.0 1.0 0.0 1.0 0.0; 1.0 0.0 1.0 0.0 1.0 0.0 1.0 0.0 1.0 0.0; 1.0 0.0 1.0 0.0 1.0 0.0 1.0 0.0 1.0 0.0; 1.0 0.0 1.0 0.0 1.0 0.0 1.0 0.0 1.0 0.0; 1.0 0.0 1.0 0.0 1.0 0.0 1.0 0.0 1.0 0.0; 1.0 0.0 1.0 0.0 1.0 0.0 1.0 0.0 1.0 0.0; 1.0 0.0 1.0 0.0 1.0 0.0 1.0 0.0 1.0 0.0; 1.0 0.0 1.0 0.0 1.0 0.0 1.0 0.0 1.0 0.0; 1.0 0.0 1.0 0.0 1.0 0.0 1.0 0.0 1.0 0.0; 1.0 0.0 1.0 0.0 1.0 0.0 1.0 0.0 1.0 0.0; 1.0 0.0 1.0 0.0 1.0 0.0 1.0 0.0 1.0 0.0; 1.0 0.0 1.0 0.0 1.0 0.0 1.0 0.0 1.0 0.0; 1.0 0.0 1.0 0.0 1.0 0.0 1.0 0.0 1.0 0.0; 1.0 0.0 1.0 0.0 1.0 0.0 1.0 0.0 1.0 0.0; 1.0 0.0 1.0 0.0 1.0 0.0 1.0 0.0 1.0 0.0; 1.0 0.0 1.0 0.0 1.0 0.0 1.0 0.0 1.0 0.0; 1.0 0.0 1.0 0.0 1.0 0.0 1.0 0.0 1.0 0.0; 1.0 0.0 1.0 0.0 1.0 0.0 1.0 0.0 1.0 0.0; 1.0 0.0 1.0 0.0 1.0 0.0 1.0 0.0 1.0 0.0; 1.0 0.0 1.0 0.0 1.0 0.0 1.0 0.0 1.0 0.0; 1.0 0.0 1.0 0.0 1.0 0.0 1.0 0.0 1.0 0.0; 1.0 0.0 1.0 0.0 1.0 0.0 1.0 0.0 1.0 0.0; 1.0 0.0 1.0 0.0 1.0 0.0 1.0 0.0 1.0 0.0; 1.0 0.0 1.0 0.0 1.0 0.0 1.0 0.0 1.0 0.0; 1.0 0.0 1.0 0.0 1.0 0.0 1.0 0.0 1.0 0.0; 1.0 0.0 1.0 0.0 1.0 0.0 1.0 0.0 1.0 0.0; 1.0 0.0 1.0 0.0 1.0 0.0 1.0 0.0 1.0 0.0; 1.0 0.0 1.0 0.0 1.0 0.0 1.0 0.0 1.0 0.0; 1.0 0.0 1.0 0.0 1.0 0.0 1.0 0.0 1.0 0.0; 1.0 0.0 1.0 0.0 1.0 0.0 1.0 0.0 1.0 0.0; 1.0 0.0 1.0 0.0 1.0 0.0 1.0 0.0 1.0 0.0; 1.0 0.0 1.0 0.0 1.0 0.0 1.0 0.0 1.0 0.0; 1.0 0.0 1.0 0.0 1.0 0.0 1.0 0.0 1.0 0.0; 1.0 0.0 1.0 0.0 1.0 0.0 1.0 0.0 1.0 0.0; 1.0 0.0 1.0 0.0 1.0 0.0 1.0 0.0 1.0 0.0]

[0.0 1.0 0.0 1.0 0.0 1.0 0.0 1.0 0.0 1.0; 0.0 1.0 0.0 1.0 0.0 1.0 0.0 1.0 0.0 1.0; 0.0 1.0 0.0 1.0 0.0 1.0 0.0 1.0 0.0 1.0; 0.0 1.0 0.0 1.0 0.0 1.0 0.0 1.0 0.0 1.0; 0.0 1.0 0.0 1.0 0.0 1.0 0.0 1.0 0.0 1.0; 0.0 1.0 0.0 1.0 0.0 1.0 0.0 1.0 0.0 1.0; 0.0 1.0 0.0 1.0 0.0 1.0 0.0 1.0 0.0 1.0; 0.0 1.0 0.0 1.0 0.0 1.0 0.0 1.0 0.0 1.0; 0.0 1.0 0.0 1.0 0.0 1.0 0.0 1.0 0.0 1.0; 0.0 1.0 0.0 1.0 0.0 1.0 0.0 1.0 0.0 1.0; 0.0 1.0 0.0 1.0 0.0 1.0 0.0 1.0 0.0 1.0; 0.0 1.0 0.0 1.0 0.0 1.0 0.0 1.0 0.0 1.0; 0.0 1.0 0.0 1.0 0.0 1.0 0.0 1.0 0.0 1.0; 0.0 1.0 0.0 1.0 0.0 1.0 0.0 1.0 0.0 1.0; 0.0 1.0 0.0 1.0 0.0 1.0 0.0 1.0 0.0 1.0; 0.0 1.0 0.0 1.0 0.0 1.0 0.0 1.0 0.0 1.0; 0.0 1.0 0.0 1.0 0.0 1.0 0.0 1.0 0.0 1.0; 0.0 1.0 0.0 1.0 0.0 1.0 0.0 1.0 0.0 1.0; 0.0 1.0 0.0 1.0 0.0 1.0 0.0 1.0 0.0 1.0; 0.0 1.0 0.0 1.0 0.0 1.0 0.0 1.0 0.0 1.0; 0.0 1.0 0.0 1.0 0.0 1.0 0.0 1.0 0.0 1.0; 0.0 1.0 0.0 1.0 0.0 1.0 0.0 1.0 0.0 1.0; 0.0 1.0 0.0 1.0 0.0 1.0 0.0 1.0 0.0 1.0; 0.0 1.0 0.0 1.0 0.0 1.0 0.0 1.0 0.0 1.0; 0.0 1.0 0.0 1.0 0.0 1.0 0.0 1.0 0.0 1.0; 0.0 1.0 0.0 1.0 0.0 1.0 0.0 1.0 0.0 1.0; 0.0 1.0 0.0 1.0 0.0 1.0 0.0 1.0 0.0 1.0; 0.0 1.0 0.0 1.0 0.0 1.0 0.0 1.0 0.0 1.0; 0.0 1.0 0.0 1.0 0.0 1.0 0.0 1.0 0.0 1.0; 0.0 1.0 0.0 1.0 0.0 1.0 0.0 1.0 0.0 1.0; 0.0 1.0 0.0 1.0 0.0 1.0 0.0 1.0 0.0 1.0; 0.0 1.0 0.0 1.0 0.0 1.0 0.0 1.0 0.0 1.0; 0.0 1.0 0.0 1.0 0.0 1.0 0.0 1.0 0.0 1.0; 0.0 1.0 0.0 1.0 0.0 1.0 0.0 1.0 0.0 1.0; 0.0 1.0 0.0 1.0 0.0 1.0 0.0 1.0 0.0 1.0; 0.0 1.0 0.0 1.0 0.0 1.0 0.0 1.0 0.0 1.0; 0.0 1.0 0.0 1.0 0.0 1.0 0.0 1.0 0.0 1.0; 0.0 1.0 0.0 1.0 0.0 1.0 0.0 1.0 0.0 1.0; 0.0 1.0 0.0 1.0 0.0 1.0 0.0 1.0 0.0 1.0; 0.0 1.0 0.0 1.0 0.0 1.0 0.0 1.0 0.0 1.0]

[0.0 0.0 1.0 0.0 1.0 0.0 1.0 0.0 1.0 0.0; 0.0 0.0 1.0 0.0 1.0 0.0 1.0 0.0 1.0 0.0; 0.0 0.0 1.0 0.0 1.0 0.0 1.0 0.0 1.0 0.0; 0.0 0.0 1.0 0.0 1.0 0.0 1.0 0.0 1.0 0.0; 0.0 0.0 1.0 0.0 1.0 0.0 1.0 0.0 1.0 0.0; 0.0 0.0 1.0 0.0 1.0 0.0 1.0 0.0 1.0 0.0; 0.0 0.0 1.0 0.0 1.0 0.0 1.0 0.0 1.0 0.0; 0.0 0.0 1.0 0.0 1.0 0.0 1.0 0.0 1.0 0.0; 0.0 0.0 1.0 0.0 1.0 0.0 1.0 0.0 1.0 0.0; 0.0 0.0 1.0 0.0 1.0 0.0 1.0 0.0 1.0 0.0; 0.0 0.0 1.0 0.0 1.0 0.0 1.0 0.0 1.0 0.0; 0.0 0.0 1.0 0.0 1.0 0.0 1.0 0.0 1.0 0.0; 0.0 0.0 1.0 0.0 1.0 0.0 1.0 0.0 1.0 0.0; 0.0 0.0 1.0 0.0 1.0 0.0 1.0 0.0 1.0 0.0; 0.0 0.0 1.0 0.0 1.0 0.0 1.0 0.0 1.0 0.0; 0.0 0.0 1.0 0.0 1.0 0.0 1.0 0.0 1.0 0.0; 0.0 0.0 1.0 0.0 1.0 0.0 1.0 0.0 1.0 0.0; 0.0 0.0 1.0 0.0 1.0 0.0 1.0 0.0 1.0 0.0; 0.0 0.0 1.0 0.0 1.0 0.0 1.0 0.0 1.0 0.0; 0.0 0.0 1.0 0.0 1.0 0.0 1.0 0.0 1.0 0.0; 0.0 0.0 1.0 0.0 1.0 0.0 1.0 0.0 1.0 0.0; 0.0 0.0 1.0 0.0 1.0 0.0 1.0 0.0 1.0 0.0; 0.0 0.0 1.0 0.0 1.0 0.0 1.0 0.0 1.0 0.0; 0.0 0.0 1.0 0.0 1.0 0.0 1.0 0.0 1.0 0.0; 0.0 0.0 1.0 0.0 1.0 0.0 1.0 0.0 1.0 0.0; 0.0 0.0 1.0 0.0 1.0 0.0 1.0 0.0 1.0 0.0; 0.0 0.0 1.0 0.0 1.0 0.0 1.0 0.0 1.0 0.0; 0.0 0.0 1.0 0.0 1.0 0.0 1.0 0.0 1.0 0.0; 0.0 0.0 1.0 0.0 1.0 0.0 1.0 0.0 1.0 0.0; 0.0 0.0 1.0 0.0 1.0 0.0 1.0 0.0 1.0 0.0; 0.0 0.0 1.0 0.0 1.0 0.0 1.0 0.0 1.0 0.0; 0.0 0.0 1.0 0.0 1.0 0.0 1.0 0.0 1.0 0.0; 0.0 0.0 1.0 0.0 1.0 0.0 1.0 0.0 1.0 0.0; 0.0 0.0 1.0 0.0 1.0 0.0 1.0 0.0 1.0 0.0; 0.0 0.0 1.0 0.0 1.0 0.0 1.0 0.0 1.0 0.0; 0.0 0.0 1.0 0.0 1.0 0.0 1.0 0.0 1.0 0.0; 0.0 0.0 1.0 0.0 1.0 0.0 1.0 0.0 1.0 0.0; 0.0 0.0 1.0 0.0 1.0 0.0 1.0 0.0 1.0 0.0; 0.0 0.0 1.0 0.0 1.0 0.0 1.0 0.0 1.0 0.0; 0.0 0.0 1.0 0.0 1.0 0.0 1.0 0.0 1.0 0.0]

[0.0 0.0 0.0 0.0 0.0 0.0 0.0 0.0 0.0 1.0; 0.0 0.0 0.0 0.0 0.0 0.0 0.0 0.0 0.0 1.0; 0.0 0.0 0.0 0.0 0.0 0.0 0.0 0.0 0.0 1.0; 0.0 0.0 0.0 0.0 0.0 0.0 0.0 0.0 0.0 1.0; 0.0 0.0 0.0 0.0 0.0 0.0 0.0 0.0 0.0 1.0; 0.0 0.0 0.0 0.0 0.0 0.0 0.0 0.0 0.0 1.0; 0.0 0.0 0.0 0.0 0.0 0.0 0.0 0.0 0.0 1.0; 0.0 0.0 0.0 0.0 0.0 0.0 0.0 0.0 0.0 1.0; 0.0 0.0 0.0 0.0 0.0 0.0 0.0 0.0 0.0 1.0; 0.0 0.0 0.0 0.0 0.0 0.0 0.0 0.0 0.0 1.0; 0.0 0.0 0.0 0.0 0.0 0.0 0.0 0.0 0.0 1.0; 0.0 0.0 0.0 0.0 0.0 0.0 0.0 0.0 0.0 1.0; 0.0 0.0 0.0 0.0 0.0 0.0 0.0 0.0 0.0 1.0; 0.0 0.0 0.0 0.0 0.0 0.0 0.0 0.0 0.0 1.0; 0.0 0.0 0.0 0.0 0.0 0.0 0.0 0.0 0.0 1.0; 0.0 0.0 0.0 0.0 0.0 0.0 0.0 0.0 0.0 1.0; 0.0 0.0 0.0 0.0 0.0 0.0 0.0 0.0 0.0 1.0; 0.0 0.0 0.0 0.0 0.0 0.0 0.0 0.0 0.0 1.0; 0.0 0.0 0.0 0.0 0.0 0.0 0.0 0.0 0.0 1.0; 0.0 0.0 0.0 0.0 0.0 0.0 0.0 0.0 0.0 1.0; 0.0 0.0 0.0 0.0 0.0 0.0 0.0 0.0 0.0 1.0; 0.0 0.0 0.0 0.0 0.0 0.0 0.0 0.0 0.0 1.0; 0.0 0.0 0.0 0.0 0.0 0.0 0.0 0.0 0.0 1.0; 0.0 0.0 0.0 0.0 0.0 0.0 0.0 0.0 0.0 1.0; 0.0 0.0 0.0 0.0 0.0 0.0 0.0 0.0 0.0 1.0; 0.0 0.0 0.0 0.0 0.0 0.0 0.0 0.0 0.0 1.0; 0.0 0.0 0.0 0.0 0.0 0.0 0.0 0.0 0.0 1.0; 0.0 0.0 0.0 0.0 0.0 0.0 0.0 0.0 0.0 1.0; 0.0 0.0 0.0 0.0 0.0 0.0 0.0 0.0 0.0 1.0; 0.0 0.0 0.0 0.0 0.0 0.0 0.0 0.0 0.0 1.0; 0.0 0.0 0.0 0.0 0.0 0.0 0.0 0.0 0.0 1.0; 0.0 0.0 0.0 0.0 0.0 0.0 0.0 0.0 0.0 1.0; 0.0 0.0 0.0 0.0 0.0 0.0 0.0 0.0 0.0 1.0; 0.0 0.0 0.0 0.0 0.0 0.0 0.0 0.0 0.0 1.0; 0.0 0.0 0.0 0.0 0.0 0.0 0.0 0.0 0.0 1.0; 0.0 0.0 0.0 0.0 0.0 0.0 0.0 0.0 0.0 1.0; 0.0 0.0 0.0 0.0 0.0 0.0 0.0 0.0 0.0 1.0; 0.0 0.0 0.0 0.0 0.0 0.0 0.0 0.0 0.0 1.0; 0.0 0.0 0.0 0.0 0.0 0.0 0.0 0.0 0.0 1.0; 0.0 0.0 0.0 0.0 0.0 0.0 0.0 0.0 0.0 1.0]

[0.0 0.0 0.0 0.0 0.0 0.0 0.0 0.0 0.0 0.0; 0.0 0.0 0.0 0.0 0.0 0.0 0.0 0.0 0.0 0.0; 0.0 0.0 0.0 0.0 0.0 0.0 0.0 0.0 0.0 0.0; 0.0 0.0 0.0 0.0 0.0 0.0 0.0 0.0 0.0 0.0; 0.0 0.0 0.0 0.0 0.0 0.0 0.0 0.0 0.0 0.0; 0.0 0.0 0.0 0.0 0.0 0.0 0.0 0.0 0.0 0.0; 0.0 0.0 0.0 0.0 0.0 0.0 0.0 0.0 0.0 0.0; 0.0 0.0 0.0 0.0 0.0 0.0 0.0 0.0 0.0 0.0; 0.0 0.0 0.0 0.0 0.0 0.0 0.0 0.0 0.0 0.0; 0.0 0.0 0.0 0.0 0.0 0.0 0.0 0.0 0.0 0.0; 0.0 0.0 0.0 0.0 0.0 0.0 0.0 0.0 0.0 0.0; 0.0 0.0 0.0 0.0 0.0 0.0 0.0 0.0 0.0 0.0; 0.0 0.0 0.0 0.0 0.0 0.0 0.0 0.0 0.0 0.0; 0.0 0.0 0.0 0.0 0.0 0.0 0.0 0.0 0.0 0.0; 0.0 0.0 0.0 0.0 0.0 0.0 0.0 0.0 0.0 0.0; 0.0 0.0 0.0 0.0 0.0 0.0 0.0 0.0 0.0 0.0; 0.0 0.0 0.0 0.0 0.0 0.0 0.0 0.0 0.0 0.0; 0.0 0.0 0.0 0.0 0.0 0.0 0.0 0.0 0.0 0.0; 0.0 0.0 0.0 0.0 0.0 0.0 0.0 0.0 0.0 0.0; 0.0 0.0 0.0 0.0 0.0 0.0 0.0 0.0 0.0 0.0; 0.0 0.0 0.0 0.0 0.0 0.0 0.0 0.0 0.0 0.0; 0.0 0.0 0.0 0.0 0.0 0.0 0.0 0.0 0.0 0.0; 0.0 0.0 0.0 0.0 0.0 0.0 0.0 0.0 0.0 0.0; 0.0 0.0 0.0 0.0 0.0 0.0 0.0 0.0 0.0 0.0; 0.0 0.0 0.0 0.0 0.0 0.0 0.0 0.0 0.0 0.0; 0.0 0.0 0.0 0.0 0.0 0.0 0.0 0.0 0.0 0.0; 0.0 0.0 0.0 0.0 0.0 0.0 0.0 0.0 0.0 0.0; 0.0 0.0 0.0 0.0 0.0 0.0 0.0 0.0 0.0 0.0; 0.0 0.0 0.0 0.0 0.0 0.0 0.0 0.0 0.0 0.0; 0.0 0.0 0.0 0.0 0.0 0.0 0.0 0.0 0.0 0.0; 0.0 0.0 0.0 0.0 0.0 0.0 0.0 0.0 0.0 0.0; 0.0 0.0 0.0 0.0 0.0 0.0 0.0 0.0 0.0 0.0; 0.0 0.0 0.0 0.0 0.0 0.0 0.0 0.0 0.0 0.0; 0.0 0.0 0.0 0.0 0.0 0.0 0.0 0.0 0.0 0.0; 0.0 0.0 0.0 0.0 0.0 0.0 0.0 0.0 0.0 0.0; 0.0 0.0 0.0 0.0 0.0 0.0 0.0 0.0 0.0 0.0; 0.0 0.0 0.0 0.0 0.0 0.0 0.0 0.0 0.0 0.0; 0.0 0.0 0.0 0.0 0.0 0.0 0.0 0.0 0.0 0.0; 0.0 0.0 0.0 0.0 0.0 0.0 0.0 0.0 0.0 0.0; 0.0 0.0 0.0 0.0 0.0 0.0 0.0 0.0 0.0 0.0]

[0.0 0.0 1.0 0.0 1.0 0.0 1.0 0.0 1.0 0.0; 0.0 0.0 1.0 0.0 1.0 0.0 1.0 0.0 1.0 0.0; 0.0 0.0 1.0 0.0 1.0 0.0 1.0 0.0 1.0 0.0; 0.0 0.0 1.0 0.0 1.0 0.0 1.0 0.0 1.0 0.0; 0.0 0.0 1.0 0.0 1.0 0.0 1.0 0.0 1.0 0.0; 0.0 0.0 1.0 0.0 1.0 0.0 1.0 0.0 1.0 0.0; 0.0 0.0 1.0 0.0 1.0 0.0 1.0 0.0 1.0 0.0; 0.0 0.0 1.0 0.0 1.0 0.0 1.0 0.0 1.0 0.0; 0.0 0.0 1.0 0.0 1.0 0.0 1.0 0.0 1.0 0.0; 0.0 0.0 1.0 0.0 1.0 0.0 1.0 0.0 1.0 0.0; 0.0 0.0 1.0 0.0 1.0 0.0 1.0 0.0 1.0 0.0; 0.0 0.0 1.0 0.0 1.0 0.0 1.0 0.0 1.0 0.0; 0.0 0.0 1.0 0.0 1.0 0.0 1.0 0.0 1.0 0.0; 0.0 0.0 1.0 0.0 1.0 0.0 1.0 0.0 1.0 0.0; 0.0 0.0 1.0 0.0 1.0 0.0 1.0 0.0 1.0 0.0; 0.0 0.0 1.0 0.0 1.0 0.0 1.0 0.0 1.0 0.0; 0.0 0.0 1.0 0.0 1.0 0.0 1.0 0.0 1.0 0.0; 0.0 0.0 1.0 0.0 1.0 0.0 1.0 0.0 1.0 0.0; 0.0 0.0 1.0 0.0 1.0 0.0 1.0 0.0 1.0 0.0; 0.0 0.0 1.0 0.0 1.0 0.0 1.0 0.0 1.0 0.0; 0.0 0.0 1.0 0.0 1.0 0.0 1.0 0.0 1.0 0.0; 0.0 0.0 1.0 0.0 1.0 0.0 1.0 0.0 1.0 0.0; 0.0 0.0 1.0 0.0 1.0 0.0 1.0 0.0 1.0 0.0; 0.0 0.0 1.0 0.0 1.0 0.0 1.0 0.0 1.0 0.0; 0.0 0.0 1.0 0.0 1.0 0.0 1.0 0.0 1.0 0.0; 0.0 0.0 1.0 0.0 1.0 0.0 1.0 0.0 1.0 0.0; 0.0 0.0 1.0 0.0 1.0 0.0 1.0 0.0 1.0 0.0; 0.0 0.0 1.0 0.0 1.0 0.0 1.0 0.0 1.0 0.0; 0.0 0.0 1.0 0.0 1.0 0.0 1.0 0.0 1.0 0.0; 0.0 0.0 1.0 0.0 1.0 0.0 1.0 0.0 1.0 0.0; 0.0 0.0 1.0 0.0 1.0 0.0 1.0 0.0 1.0 0.0; 0.0 0.0 1.0 0.0 1.0 0.0 1.0 0.0 1.0 0.0; 0.0 0.0 1.0 0.0 1.0 0.0 1.0 0.0 1.0 0.0; 0.0 0.0 1.0 0.0 1.0 0.0 1.0 0.0 1.0 0.0; 0.0 0.0 1.0 0.0 1.0 0.0 1.0 0.0 1.0 0.0; 0.0 0.0 1.0 0.0 1.0 0.0 1.0 0.0 1.0 0.0; 0.0 0.0 1.0 0.0 1.0 0.0 1.0 0.0 1.0 0.0; 0.0 0.0 1.0 0.0 1.0 0.0 1.0 0.0 1.0 0.0; 0.0 0.0 1.0 0.0 1.0 0.0 1.0 0.0 1.0 0.0; 0.0 0.0 1.0 0.0 1.0 0.0 1.0 0.0 1.0 0.0]

[0.0 0.0 0.0 0.0 0.0 0.0 0.0 0.0 0.0 1.0; 0.0 0.0 0.0 0.0 0.0 0.0 0.0 0.0 0.0 1.0; 0.0 0.0 0.0 0.0 0.0 0.0 0.0 0.0 0.0 1.0; 0.0 0.0 0.0 0.0 0.0 0.0 0.0 0.0 0.0 1.0; 0.0 0.0 0.0 0.0 0.0 0.0 0.0 0.0 0.0 1.0; 0.0 0.0 0.0 0.0 0.0 0.0 0.0 0.0 0.0 1.0; 0.0 0.0 0.0 0.0 0.0 0.0 0.0 0.0 0.0 1.0; 0.0 0.0 0.0 0.0 0.0 0.0 0.0 0.0 0.0 1.0; 0.0 0.0 0.0 0.0 0.0 0.0 0.0 0.0 0.0 1.0; 0.0 0.0 0.0 0.0 0.0 0.0 0.0 0.0 0.0 1.0; 0.0 0.0 0.0 0.0 0.0 0.0 0.0 0.0 0.0 1.0; 0.0 0.0 0.0 0.0 0.0 0.0 0.0 0.0 0.0 1.0; 0.0 0.0 0.0 0.0 0.0 0.0 0.0 0.0 0.0 1.0; 0.0 0.0 0.0 0.0 0.0 0.0 0.0 0.0 0.0 1.0; 0.0 0.0 0.0 0.0 0.0 0.0 0.0 0.0 0.0 1.0; 0.0 0.0 0.0 0.0 0.0 0.0 0.0 0.0 0.0 1.0; 0.0 0.0 0.0 0.0 0.0 0.0 0.0 0.0 0.0 1.0; 0.0 0.0 0.0 0.0 0.0 0.0 0.0 0.0 0.0 1.0; 0.0 0.0 0.0 0.0 0.0 0.0 0.0 0.0 0.0 1.0; 0.0 0.0 0.0 0.0 0.0 0.0 0.0 0.0 0.0 1.0; 0.0 0.0 0.0 0.0 0.0 0.0 0.0 0.0 0.0 1.0; 0.0 0.0 0.0 0.0 0.0 0.0 0.0 0.0 0.0 1.0; 0.0 0.0 0.0 0.0 0.0 0.0 0.0 0.0 0.0 1.0; 0.0 0.0 0.0 0.0 0.0 0.0 0.0 0.0 0.0 1.0; 0.0 0.0 0.0 0.0 0.0 0.0 0.0 0.0 0.0 1.0; 0.0 0.0 0.0 0.0 0.0 0.0 0.0 0.0 0.0 1.0; 0.0 0.0 0.0 0.0 0.0 0.0 0.0 0.0 0.0 1.0; 0.0 0.0 0.0 0.0 0.0 0.0 0.0 0.0 0.0 1.0; 0.0 0.0 0.0 0.0 0.0 0.0 0.0 0.0 0.0 1.0; 0.0 0.0 0.0 0.0 0.0 0.0 0.0 0.0 0.0 1.0; 0.0 0.0 0.0 0.0 0.0 0.0 0.0 0.0 0.0 1.0; 0.0 0.0 0.0 0.0 0.0 0.0 0.0 0.0 0.0 1.0; 0.0 0.0 0.0 0.0 0.0 0.0 0.0 0.0 0.0 1.0; 0.0 0.0 0.0 0.0 0.0 0.0 0.0 0.0 0.0 1.0; 0.0 0.0 0.0 0.0 0.0 0.0 0.0 0.0 0.0 1.0; 0.0 0.0 0.0 0.0 0.0 0.0 0.0 0.0 0.0 1.0; 0.0 0.0 0.0 0.0 0.0 0.0 0.0 0.0 0.0 1.0; 0.0 0.0 0.0 0.0 0.0 0.0 0.0 0.0 0.0 1.0; 0.0 0.0 0.0 0.0 0.0 0.0 0.0 0.0 0.0 1.0; 0.0 0.0 0.0 0.0 0.0 0.0 0.0 0.0 0.0 1.0]

[0.0 0.0 0.0 0.0 0.0 0.0 0.0 0.0 0.0 0.0; 0.0 0.0 0.0 0.0 0.0 0.0 0.0 0.0 0.0 0.0; 0.0 0.0 0.0 0.0 0.0 0.0 0.0 0.0 0.0 0.0; 0.0 0.0 0.0 0.0 0.0 0.0 0.0 0.0 0.0 0.0; 0.0 0.0 0.0 0.0 0.0 0.0 0.0 0.0 0.0 0.0; 0.0 0.0 0.0 0.0 0.0 0.0 0.0 0.0 0.0 0.0; 0.0 0.0 0.0 0.0 0.0 0.0 0.0 0.0 0.0 0.0; 0.0 0.0 0.0 0.0 0.0 0.0 0.0 0.0 0.0 0.0; 0.0 0.0 0.0 0.0 0.0 0.0 0.0 0.0 0.0 0.0; 0.0 0.0 0.0 0.0 0.0 0.0 0.0 0.0 0.0 0.0; 0.0 0.0 0.0 0.0 0.0 0.0 0.0 0.0 0.0 0.0; 0.0 0.0 0.0 0.0 0.0 0.0 0.0 0.0 0.0 0.0; 0.0 0.0 0.0 0.0 0.0 0.0 0.0 0.0 0.0 0.0; 0.0 0.0 0.0 0.0 0.0 0.0 0.0 0.0 0.0 0.0; 0.0 0.0 0.0 0.0 0.0 0.0 0.0 0.0 0.0 0.0; 0.0 0.0 0.0 0.0 0.0 0.0 0.0 0.0 0.0 0.0; 0.0 0.0 0.0 0.0 0.0 0.0 0.0 0.0 0.0 0.0; 0.0 0.0 0.0 0.0 0.0 0.0 0.0 0.0 0.0 0.0; 0.0 0.0 0.0 0.0 0.0 0.0 0.0 0.0 0.0 0.0; 0.0 0.0 0.0 0.0 0.0 0.0 0.0 0.0 0.0 0.0; 0.0 0.0 0.0 0.0 0.0 0.0 0.0 0.0 0.0 0.0; 0.0 0.0 0.0 0.0 0.0 0.0 0.0 0.0 0.0 0.0; 0.0 0.0 0.0 0.0 0.0 0.0 0.0 0.0 0.0 0.0; 0.0 0.0 0.0 0.0 0.0 0.0 0.0 0.0 0.0 0.0; 0.0 0.0 0.0 0.0 0.0 0.0 0.0 0.0 0.0 0.0; 0.0 0.0 0.0 0.0 0.0 0.0 0.0 0.0 0.0 0.0; 0.0 0.0 0.0 0.0 0.0 0.0 0.0 0.0 0.0 0.0; 0.0 0.0 0.0 0.0 0.0 0.0 0.0 0.0 0.0 0.0; 0.0 0.0 0.0 0.0 0.0 0.0 0.0 0.0 0.0 0.0; 0.0 0.0 0.0 0.0 0.0 0.0 0.0 0.0 0.0 0.0; 0.0 0.0 0.0 0.0 0.0 0.0 0.0 0.0 0.0 0.0; 0.0 0.0 0.0 0.0 0.0 0.0 0.0 0.0 0.0 0.0; 0.0 0.0 0.0 0.0 0.0 0.0 0.0 0.0 0.0 0.0; 0.0 0.0 0.0 0.0 0.0 0.0 0.0 0.0 0.0 0.0; 0.0 0.0 0.0 0.0 0.0 0.0 0.0 0.0 0.0 0.0; 0.0 0.0 0.0 0.0 0.0 0.0 0.0 0.0 0.0 0.0; 0.0 0.0 0.0 0.0 0.0 0.0 0.0 0.0 0.0 0.0; 0.0 0.0 0.0 0.0 0.0 0.0 0.0 0.0 0.0 0.0; 0.0 0.0 0.0 0.0 0.0 0.0 0.0 0.0 0.0 0.0; 0.0 0.0 0.0 0.0 0.0 0.0 0.0 0.0 0.0 0.0]

[0.0 1.0 0.0 1.0 0.0 1.0 0.0 1.0 0.0 0.0; 0.0 1.0 0.0 1.0 0.0 1.0 0.0 1.0 0.0 0.0; 0.0 1.0 0.0 1.0 0.0 1.0 0.0 1.0 0.0 0.0; 0.0 1.0 0.0 1.0 0.0 1.0 0.0 1.0 0.0 0.0; 0.0 1.0 0.0 1.0 0.0 1.0 0.0 1.0 0.0 0.0; 0.0 1.0 0.0 1.0 0.0 1.0 0.0 1.0 0.0 0.0; 0.0 1.0 0.0 1.0 0.0 1.0 0.0 1.0 0.0 0.0; 0.0 1.0 0.0 1.0 0.0 1.0 0.0 1.0 0.0 0.0; 0.0 1.0 0.0 1.0 0.0 1.0 0.0 1.0 0.0 0.0; 0.0 1.0 0.0 1.0 0.0 1.0 0.0 1.0 0.0 0.0; 0.0 1.0 0.0 1.0 0.0 1.0 0.0 1.0 0.0 0.0; 0.0 1.0 0.0 1.0 0.0 1.0 0.0 1.0 0.0 0.0; 0.0 1.0 0.0 1.0 0.0 1.0 0.0 1.0 0.0 0.0; 0.0 1.0 0.0 1.0 0.0 1.0 0.0 1.0 0.0 0.0; 0.0 1.0 0.0 1.0 0.0 1.0 0.0 1.0 0.0 0.0; 0.0 1.0 0.0 1.0 0.0 1.0 0.0 1.0 0.0 0.0; 0.0 1.0 0.0 1.0 0.0 1.0 0.0 1.0 0.0 0.0; 0.0 1.0 0.0 1.0 0.0 1.0 0.0 1.0 0.0 0.0; 0.0 1.0 0.0 1.0 0.0 1.0 0.0 1.0 0.0 0.0; 0.0 1.0 0.0 1.0 0.0 1.0 0.0 1.0 0.0 0.0; 0.0 1.0 0.0 1.0 0.0 1.0 0.0 1.0 0.0 0.0; 0.0 1.0 0.0 1.0 0.0 1.0 0.0 1.0 0.0 0.0; 0.0 1.0 0.0 1.0 0.0 1.0 0.0 1.0 0.0 0.0; 0.0 1.0 0.0 1.0 0.0 1.0 0.0 1.0 0.0 0.0; 0.0 1.0 0.0 1.0 0.0 1.0 0.0 1.0 0.0 0.0; 0.0 1.0 0.0 1.0 0.0 1.0 0.0 1.0 0.0 0.0; 0.0 1.0 0.0 1.0 0.0 1.0 0.0 1.0 0.0 0.0; 0.0 1.0 0.0 1.0 0.0 1.0 0.0 1.0 0.0 0.0; 0.0 1.0 0.0 1.0 0.0 1.0 0.0 1.0 0.0 0.0; 0.0 1.0 0.0 1.0 0.0 1.0 0.0 1.0 0.0 0.0; 0.0 1.0 0.0 1.0 0.0 1.0 0.0 1.0 0.0 0.0; 0.0 1.0 0.0 1.0 0.0 1.0 0.0 1.0 0.0 0.0; 0.0 1.0 0.0 1.0 0.0 1.0 0.0 1.0 0.0 0.0; 0.0 1.0 0.0 1.0 0.0 1.0 0.0 1.0 0.0 0.0; 0.0 1.0 0.0 1.0 0.0 1.0 0.0 1.0 0.0 0.0; 0.0 1.0 0.0 1.0 0.0 1.0 0.0 1.0 0.0 0.0; 0.0 1.0 0.0 1.0 0.0 1.0 0.0 1.0 0.0 0.0; 0.0 1.0 0.0 1.0 0.0 1.0 0.0 1.0 0.0 0.0; 0.0 1.0 0.0 1.0 0.0 1.0 0.0 1.0 0.0 0.0; 0.0 1.0 0.0 1.0 0.0 1.0 0.0 1.0 0.0 0.0]

[1.0 0.0 0.0 0.0 0.0 0.0 0.0 0.0 0.0 0.0; 1.0 0.0 0.0 0.0 0.0 0.0 0.0 0.0 0.0 0.0; 1.0 0.0 0.0 0.0 0.0 0.0 0.0 0.0 0.0 0.0; 1.0 0.0 0.0 0.0 0.0 0.0 0.0 0.0 0.0 0.0; 1.0 0.0 0.0 0.0 0.0 0.0 0.0 0.0 0.0 0.0; 1.0 0.0 0.0 0.0 0.0 0.0 0.0 0.0 0.0 0.0; 1.0 0.0 0.0 0.0 0.0 0.0 0.0 0.0 0.0 0.0; 1.0 0.0 0.0 0.0 0.0 0.0 0.0 0.0 0.0 0.0; 1.0 0.0 0.0 0.0 0.0 0.0 0.0 0.0 0.0 0.0; 1.0 0.0 0.0 0.0 0.0 0.0 0.0 0.0 0.0 0.0; 1.0 0.0 0.0 0.0 0.0 0.0 0.0 0.0 0.0 0.0; 1.0 0.0 0.0 0.0 0.0 0.0 0.0 0.0 0.0 0.0; 1.0 0.0 0.0 0.0 0.0 0.0 0.0 0.0 0.0 0.0; 1.0 0.0 0.0 0.0 0.0 0.0 0.0 0.0 0.0 0.0; 1.0 0.0 0.0 0.0 0.0 0.0 0.0 0.0 0.0 0.0; 1.0 0.0 0.0 0.0 0.0 0.0 0.0 0.0 0.0 0.0; 1.0 0.0 0.0 0.0 0.0 0.0 0.0 0.0 0.0 0.0; 1.0 0.0 0.0 0.0 0.0 0.0 0.0 0.0 0.0 0.0; 1.0 0.0 0.0 0.0 0.0 0.0 0.0 0.0 0.0 0.0; 1.0 0.0 0.0 0.0 0.0 0.0 0.0 0.0 0.0 0.0; 1.0 0.0 0.0 0.0 0.0 0.0 0.0 0.0 0.0 0.0; 1.0 0.0 0.0 0.0 0.0 0.0 0.0 0.0 0.0 0.0; 1.0 0.0 0.0 0.0 0.0 0.0 0.0 0.0 0.0 0.0; 1.0 0.0 0.0 0.0 0.0 0.0 0.0 0.0 0.0 0.0; 1.0 0.0 0.0 0.0 0.0 0.0 0.0 0.0 0.0 0.0; 1.0 0.0 0.0 0.0 0.0 0.0 0.0 0.0 0.0 0.0; 1.0 0.0 0.0 0.0 0.0 0.0 0.0 0.0 0.0 0.0; 1.0 0.0 0.0 0.0 0.0 0.0 0.0 0.0 0.0 0.0; 1.0 0.0 0.0 0.0 0.0 0.0 0.0 0.0 0.0 0.0; 1.0 0.0 0.0 0.0 0.0 0.0 0.0 0.0 0.0 0.0; 1.0 0.0 0.0 0.0 0.0 0.0 0.0 0.0 0.0 0.0; 1.0 0.0 0.0 0.0 0.0 0.0 0.0 0.0 0.0 0.0; 1.0 0.0 0.0 0.0 0.0 0.0 0.0 0.0 0.0 0.0; 1.0 0.0 0.0 0.0 0.0 0.0 0.0 0.0 0.0 0.0; 1.0 0.0 0.0 0.0 0.0 0.0 0.0 0.0 0.0 0.0; 1.0 0.0 0.0 0.0 0.0 0.0 0.0 0.0 0.0 0.0; 1.0 0.0 0.0 0.0 0.0 0.0 0.0 0.0 0.0 0.0; 1.0 0.0 0.0 0.0 0.0 0.0 0.0 0.0 0.0 0.0; 1.0 0.0 0.0 0.0 0.0 0.0 0.0 0.0 0.0 0.0; 1.0 0.0 0.0 0.0 0.0 0.0 0.0 0.0 0.0 0.0]

[0.0 0.0 0.0 0.0 0.0 0.0 0.0 0.0 0.0 0.0; 0.0 0.0 0.0 0.0 0.0 0.0 0.0 0.0 0.0 0.0; 0.0 0.0 0.0 0.0 0.0 0.0 0.0 0.0 0.0 0.0; 0.0 0.0 0.0 0.0 0.0 0.0 0.0 0.0 0.0 0.0; 0.0 0.0 0.0 0.0 0.0 0.0 0.0 0.0 0.0 0.0; 0.0 0.0 0.0 0.0 0.0 0.0 0.0 0.0 0.0 0.0; 0.0 0.0 0.0 0.0 0.0 0.0 0.0 0.0 0.0 0.0; 0.0 0.0 0.0 0.0 0.0 0.0 0.0 0.0 0.0 0.0; 0.0 0.0 0.0 0.0 0.0 0.0 0.0 0.0 0.0 0.0; 0.0 0.0 0.0 0.0 0.0 0.0 0.0 0.0 0.0 0.0; 0.0 0.0 0.0 0.0 0.0 0.0 0.0 0.0 0.0 0.0; 0.0 0.0 0.0 0.0 0.0 0.0 0.0 0.0 0.0 0.0; 0.0 0.0 0.0 0.0 0.0 0.0 0.0 0.0 0.0 0.0; 0.0 0.0 0.0 0.0 0.0 0.0 0.0 0.0 0.0 0.0; 0.0 0.0 0.0 0.0 0.0 0.0 0.0 0.0 0.0 0.0; 0.0 0.0 0.0 0.0 0.0 0.0 0.0 0.0 0.0 0.0; 0.0 0.0 0.0 0.0 0.0 0.0 0.0 0.0 0.0 0.0; 0.0 0.0 0.0 0.0 0.0 0.0 0.0 0.0 0.0 0.0; 0.0 0.0 0.0 0.0 0.0 0.0 0.0 0.0 0.0 0.0; 0.0 0.0 0.0 0.0 0.0 0.0 0.0 0.0 0.0 0.0; 0.0 0.0 0.0 0.0 0.0 0.0 0.0 0.0 0.0 0.0; 0.0 0.0 0.0 0.0 0.0 0.0 0.0 0.0 0.0 0.0; 0.0 0.0 0.0 0.0 0.0 0.0 0.0 0.0 0.0 0.0; 0.0 0.0 0.0 0.0 0.0 0.0 0.0 0.0 0.0 0.0; 0.0 0.0 0.0 0.0 0.0 0.0 0.0 0.0 0.0 0.0; 0.0 0.0 0.0 0.0 0.0 0.0 0.0 0.0 0.0 0.0; 0.0 0.0 0.0 0.0 0.0 0.0 0.0 0.0 0.0 0.0; 0.0 0.0 0.0 0.0 0.0 0.0 0.0 0.0 0.0 0.0; 0.0 0.0 0.0 0.0 0.0 0.0 0.0 0.0 0.0 0.0; 0.0 0.0 0.0 0.0 0.0 0.0 0.0 0.0 0.0 0.0; 0.0 0.0 0.0 0.0 0.0 0.0 0.0 0.0 0.0 0.0; 0.0 0.0 0.0 0.0 0.0 0.0 0.0 0.0 0.0 0.0; 0.0 0.0 0.0 0.0 0.0 0.0 0.0 0.0 0.0 0.0; 0.0 0.0 0.0 0.0 0.0 0.0 0.0 0.0 0.0 0.0; 0.0 0.0 0.0 0.0 0.0 0.0 0.0 0.0 0.0 0.0; 0.0 0.0 0.0 0.0 0.0 0.0 0.0 0.0 0.0 0.0; 0.0 0.0 0.0 0.0 0.0 0.0 0.0 0.0 0.0 0.0; 0.0 0.0 0.0 0.0 0.0 0.0 0.0 0.0 0.0 0.0; 0.0 0.0 0.0 0.0 0.0 0.0 0.0 0.0 0.0 0.0; 0.0 0.0 0.0 0.0 0.0 0.0 0.0 0.0 0.0 0.0]

[0.0 1.0 0.0 1.0 0.0 1.0 0.0 1.0 0.0 0.0; 0.0 1.0 0.0 1.0 0.0 1.0 0.0 1.0 0.0 0.0; 0.0 1.0 0.0 1.0 0.0 1.0 0.0 1.0 0.0 0.0; 0.0 1.0 0.0 1.0 0.0 1.0 0.0 1.0 0.0 0.0; 0.0 1.0 0.0 1.0 0.0 1.0 0.0 1.0 0.0 0.0; 0.0 1.0 0.0 1.0 0.0 1.0 0.0 1.0 0.0 0.0; 0.0 1.0 0.0 1.0 0.0 1.0 0.0 1.0 0.0 0.0; 0.0 1.0 0.0 1.0 0.0 1.0 0.0 1.0 0.0 0.0; 0.0 1.0 0.0 1.0 0.0 1.0 0.0 1.0 0.0 0.0; 0.0 1.0 0.0 1.0 0.0 1.0 0.0 1.0 0.0 0.0; 0.0 1.0 0.0 1.0 0.0 1.0 0.0 1.0 0.0 0.0; 0.0 1.0 0.0 1.0 0.0 1.0 0.0 1.0 0.0 0.0; 0.0 1.0 0.0 1.0 0.0 1.0 0.0 1.0 0.0 0.0; 0.0 1.0 0.0 1.0 0.0 1.0 0.0 1.0 0.0 0.0; 0.0 1.0 0.0 1.0 0.0 1.0 0.0 1.0 0.0 0.0; 0.0 1.0 0.0 1.0 0.0 1.0 0.0 1.0 0.0 0.0; 0.0 1.0 0.0 1.0 0.0 1.0 0.0 1.0 0.0 0.0; 0.0 1.0 0.0 1.0 0.0 1.0 0.0 1.0 0.0 0.0; 0.0 1.0 0.0 1.0 0.0 1.0 0.0 1.0 0.0 0.0; 0.0 1.0 0.0 1.0 0.0 1.0 0.0 1.0 0.0 0.0; 0.0 1.0 0.0 1.0 0.0 1.0 0.0 1.0 0.0 0.0; 0.0 1.0 0.0 1.0 0.0 1.0 0.0 1.0 0.0 0.0; 0.0 1.0 0.0 1.0 0.0 1.0 0.0 1.0 0.0 0.0; 0.0 1.0 0.0 1.0 0.0 1.0 0.0 1.0 0.0 0.0; 0.0 1.0 0.0 1.0 0.0 1.0 0.0 1.0 0.0 0.0; 0.0 1.0 0.0 1.0 0.0 1.0 0.0 1.0 0.0 0.0; 0.0 1.0 0.0 1.0 0.0 1.0 0.0 1.0 0.0 0.0; 0.0 1.0 0.0 1.0 0.0 1.0 0.0 1.0 0.0 0.0; 0.0 1.0 0.0 1.0 0.0 1.0 0.0 1.0 0.0 0.0; 0.0 1.0 0.0 1.0 0.0 1.0 0.0 1.0 0.0 0.0; 0.0 1.0 0.0 1.0 0.0 1.0 0.0 1.0 0.0 0.0; 0.0 1.0 0.0 1.0 0.0 1.0 0.0 1.0 0.0 0.0; 0.0 1.0 0.0 1.0 0.0 1.0 0.0 1.0 0.0 0.0; 0.0 1.0 0.0 1.0 0.0 1.0 0.0 1.0 0.0 0.0; 0.0 1.0 0.0 1.0 0.0 1.0 0.0 1.0 0.0 0.0; 0.0 1.0 0.0 1.0 0.0 1.0 0.0 1.0 0.0 0.0; 0.0 1.0 0.0 1.0 0.0 1.0 0.0 1.0 0.0 0.0; 0.0 1.0 0.0 1.0 0.0 1.0 0.0 1.0 0.0 0.0; 0.0 1.0 0.0 1.0 0.0 1.0 0.0 1.0 0.0 0.0; 0.0 1.0 0.0 1.0 0.0 1.0 0.0 1.0 0.0 0.0]

[1.0 0.0 0.0 0.0 0.0 0.0 0.0 0.0 0.0 0.0; 1.0 0.0 0.0 0.0 0.0 0.0 0.0 0.0 0.0 0.0; 1.0 0.0 0.0 0.0 0.0 0.0 0.0 0.0 0.0 0.0; 1.0 0.0 0.0 0.0 0.0 0.0 0.0 0.0 0.0 0.0; 1.0 0.0 0.0 0.0 0.0 0.0 0.0 0.0 0.0 0.0; 1.0 0.0 0.0 0.0 0.0 0.0 0.0 0.0 0.0 0.0; 1.0 0.0 0.0 0.0 0.0 0.0 0.0 0.0 0.0 0.0; 1.0 0.0 0.0 0.0 0.0 0.0 0.0 0.0 0.0 0.0; 1.0 0.0 0.0 0.0 0.0 0.0 0.0 0.0 0.0 0.0; 1.0 0.0 0.0 0.0 0.0 0.0 0.0 0.0 0.0 0.0; 1.0 0.0 0.0 0.0 0.0 0.0 0.0 0.0 0.0 0.0; 1.0 0.0 0.0 0.0 0.0 0.0 0.0 0.0 0.0 0.0; 1.0 0.0 0.0 0.0 0.0 0.0 0.0 0.0 0.0 0.0; 1.0 0.0 0.0 0.0 0.0 0.0 0.0 0.0 0.0 0.0; 1.0 0.0 0.0 0.0 0.0 0.0 0.0 0.0 0.0 0.0; 1.0 0.0 0.0 0.0 0.0 0.0 0.0 0.0 0.0 0.0; 1.0 0.0 0.0 0.0 0.0 0.0 0.0 0.0 0.0 0.0; 1.0 0.0 0.0 0.0 0.0 0.0 0.0 0.0 0.0 0.0; 1.0 0.0 0.0 0.0 0.0 0.0 0.0 0.0 0.0 0.0; 1.0 0.0 0.0 0.0 0.0 0.0 0.0 0.0 0.0 0.0; 1.0 0.0 0.0 0.0 0.0 0.0 0.0 0.0 0.0 0.0; 1.0 0.0 0.0 0.0 0.0 0.0 0.0 0.0 0.0 0.0; 1.0 0.0 0.0 0.0 0.0 0.0 0.0 0.0 0.0 0.0; 1.0 0.0 0.0 0.0 0.0 0.0 0.0 0.0 0.0 0.0; 1.0 0.0 0.0 0.0 0.0 0.0 0.0 0.0 0.0 0.0; 1.0 0.0 0.0 0.0 0.0 0.0 0.0 0.0 0.0 0.0; 1.0 0.0 0.0 0.0 0.0 0.0 0.0 0.0 0.0 0.0; 1.0 0.0 0.0 0.0 0.0 0.0 0.0 0.0 0.0 0.0; 1.0 0.0 0.0 0.0 0.0 0.0 0.0 0.0 0.0 0.0; 1.0 0.0 0.0 0.0 0.0 0.0 0.0 0.0 0.0 0.0; 1.0 0.0 0.0 0.0 0.0 0.0 0.0 0.0 0.0 0.0; 1.0 0.0 0.0 0.0 0.0 0.0 0.0 0.0 0.0 0.0; 1.0 0.0 0.0 0.0 0.0 0.0 0.0 0.0 0.0 0.0; 1.0 0.0 0.0 0.0 0.0 0.0 0.0 0.0 0.0 0.0; 1.0 0.0 0.0 0.0 0.0 0.0 0.0 0.0 0.0 0.0; 1.0 0.0 0.0 0.0 0.0 0.0 0.0 0.0 0.0 0.0; 1.0 0.0 0.0 0.0 0.0 0.0 0.0 0.0 0.0 0.0; 1.0 0.0 0.0 0.0 0.0 0.0 0.0 0.0 0.0 0.0; 1.0 0.0 0.0 0.0 0.0 0.0 0.0 0.0 0.0 0.0; 1.0 0.0 0.0 0.0 0.0 0.0 0.0 0.0 0.0 0.0]

[0.0 0.0 0.0 0.0 0.0 0.0 0.0 0.0 0.0 0.0; 0.0 0.0 0.0 0.0 0.0 0.0 0.0 0.0 0.0 0.0; 0.0 0.0 0.0 0.0 0.0 0.0 0.0 0.0 0.0 0.0; 0.0 0.0 0.0 0.0 0.0 0.0 0.0 0.0 0.0 0.0; 0.0 0.0 0.0 0.0 0.0 0.0 0.0 0.0 0.0 0.0; 0.0 0.0 0.0 0.0 0.0 0.0 0.0 0.0 0.0 0.0; 0.0 0.0 0.0 0.0 0.0 0.0 0.0 0.0 0.0 0.0; 0.0 0.0 0.0 0.0 0.0 0.0 0.0 0.0 0.0 0.0; 0.0 0.0 0.0 0.0 0.0 0.0 0.0 0.0 0.0 0.0; 0.0 0.0 0.0 0.0 0.0 0.0 0.0 0.0 0.0 0.0; 0.0 0.0 0.0 0.0 0.0 0.0 0.0 0.0 0.0 0.0; 0.0 0.0 0.0 0.0 0.0 0.0 0.0 0.0 0.0 0.0; 0.0 0.0 0.0 0.0 0.0 0.0 0.0 0.0 0.0 0.0; 0.0 0.0 0.0 0.0 0.0 0.0 0.0 0.0 0.0 0.0; 0.0 0.0 0.0 0.0 0.0 0.0 0.0 0.0 0.0 0.0; 0.0 0.0 0.0 0.0 0.0 0.0 0.0 0.0 0.0 0.0; 0.0 0.0 0.0 0.0 0.0 0.0 0.0 0.0 0.0 0.0; 0.0 0.0 0.0 0.0 0.0 0.0 0.0 0.0 0.0 0.0; 0.0 0.0 0.0 0.0 0.0 0.0 0.0 0.0 0.0 0.0; 0.0 0.0 0.0 0.0 0.0 0.0 0.0 0.0 0.0 0.0; 0.0 0.0 0.0 0.0 0.0 0.0 0.0 0.0 0.0 0.0; 0.0 0.0 0.0 0.0 0.0 0.0 0.0 0.0 0.0 0.0; 0.0 0.0 0.0 0.0 0.0 0.0 0.0 0.0 0.0 0.0; 0.0 0.0 0.0 0.0 0.0 0.0 0.0 0.0 0.0 0.0; 0.0 0.0 0.0 0.0 0.0 0.0 0.0 0.0 0.0 0.0; 0.0 0.0 0.0 0.0 0.0 0.0 0.0 0.0 0.0 0.0; 0.0 0.0 0.0 0.0 0.0 0.0 0.0 0.0 0.0 0.0; 0.0 0.0 0.0 0.0 0.0 0.0 0.0 0.0 0.0 0.0; 0.0 0.0 0.0 0.0 0.0 0.0 0.0 0.0 0.0 0.0; 0.0 0.0 0.0 0.0 0.0 0.0 0.0 0.0 0.0 0.0; 0.0 0.0 0.0 0.0 0.0 0.0 0.0 0.0 0.0 0.0; 0.0 0.0 0.0 0.0 0.0 0.0 0.0 0.0 0.0 0.0; 0.0 0.0 0.0 0.0 0.0 0.0 0.0 0.0 0.0 0.0; 0.0 0.0 0.0 0.0 0.0 0.0 0.0 0.0 0.0 0.0; 0.0 0.0 0.0 0.0 0.0 0.0 0.0 0.0 0.0 0.0; 0.0 0.0 0.0 0.0 0.0 0.0 0.0 0.0 0.0 0.0; 0.0 0.0 0.0 0.0 0.0 0.0 0.0 0.0 0.0 0.0; 0.0 0.0 0.0 0.0 0.0 0.0 0.0 0.0 0.0 0.0; 0.0 0.0 0.0 0.0 0.0 0.0 0.0 0.0 0.0 0.0; 0.0 0.0 0.0 0.0 0.0 0.0 0.0 0.0 0.0 0.0]
objectif = 0.0
taken_time = 0.8335750102996826
